handwritten,rules,cost-filter,no-dup-vars,sub-prog,split-phase,bench,variable,value
True,t2.json,0.0,True,True,True,q-prod,time,Timed out.
True,t2.json,0.0,True,True,True,q-prod,cost,-1.0
True,t2.json,0.0,True,True,True,2d-conv,time,Timed out.
True,t2.json,0.0,True,True,True,2d-conv,cost,-1.0
True,t2.json,0.0,True,True,False,q-prod,time,Timed out.
True,t2.json,0.0,True,True,False,q-prod,cost,-1.0
True,t2.json,0.0,True,True,False,2d-conv,time,Timed out.
True,t2.json,0.0,True,True,False,2d-conv,cost,-1.0
True,t2.json,0.0,True,False,True,q-prod,time,Timed out.
True,t2.json,0.0,True,False,True,q-prod,cost,-1.0
True,t2.json,0.0,True,False,True,2d-conv,time,Timed out.
True,t2.json,0.0,True,False,True,2d-conv,cost,-1.0
True,t2.json,0.0,True,False,False,q-prod,time,55.08230900764465
True,t2.json,0.0,True,False,False,q-prod,cost,70.19800000000001
True,t2.json,0.0,True,False,False,2d-conv,time,49.96194314956665
True,t2.json,0.0,True,False,False,2d-conv,cost,29.739999999999995
True,t2.json,0.0,False,True,True,q-prod,time,Timed out.
True,t2.json,0.0,False,True,True,q-prod,cost,-1.0
True,t2.json,0.0,False,True,True,2d-conv,time,Timed out.
True,t2.json,0.0,False,True,True,2d-conv,cost,-1.0
True,t2.json,0.0,False,True,False,q-prod,time,Timed out.
True,t2.json,0.0,False,True,False,q-prod,cost,-1.0
True,t2.json,0.0,False,True,False,2d-conv,time,Timed out.
True,t2.json,0.0,False,True,False,2d-conv,cost,-1.0
True,t2.json,0.0,False,False,True,q-prod,time,Timed out.
True,t2.json,0.0,False,False,True,q-prod,cost,-1.0
True,t2.json,0.0,False,False,True,2d-conv,time,Timed out.
True,t2.json,0.0,False,False,True,2d-conv,cost,-1.0
True,t2.json,0.0,False,False,False,q-prod,time,53.290828227996826
True,t2.json,0.0,False,False,False,q-prod,cost,350.969
True,t2.json,0.0,False,False,False,2d-conv,time,53.307305574417114
True,t2.json,0.0,False,False,False,2d-conv,cost,29.739999999999995
True,t2.json,2.0,True,True,True,q-prod,time,Timed out.
True,t2.json,2.0,True,True,True,q-prod,cost,-1.0
True,t2.json,2.0,True,True,True,2d-conv,time,54.52214074134827
True,t2.json,2.0,True,True,True,2d-conv,cost,33.74000000000001
True,t2.json,2.0,True,True,False,q-prod,time,4.7527289390563965
True,t2.json,2.0,True,True,False,q-prod,cost,74.59200000000001
True,t2.json,2.0,True,True,False,2d-conv,time,3.5271027088165283
True,t2.json,2.0,True,True,False,2d-conv,cost,45.748000000000005
True,t2.json,2.0,True,False,True,q-prod,time,Timed out.
True,t2.json,2.0,True,False,True,q-prod,cost,-1.0
True,t2.json,2.0,True,False,True,2d-conv,time,55.23276662826538
True,t2.json,2.0,True,False,True,2d-conv,cost,33.74000000000001
True,t2.json,2.0,True,False,False,q-prod,time,4.422562599182129
True,t2.json,2.0,True,False,False,q-prod,cost,74.58600000000001
True,t2.json,2.0,True,False,False,2d-conv,time,3.431173086166382
True,t2.json,2.0,True,False,False,2d-conv,cost,45.74
True,t2.json,2.0,False,True,True,q-prod,time,57.49523687362671
True,t2.json,2.0,False,True,True,q-prod,cost,62.586
True,t2.json,2.0,False,True,True,2d-conv,time,55.070321798324585
True,t2.json,2.0,False,True,True,2d-conv,cost,33.74
True,t2.json,2.0,False,True,False,q-prod,time,7.173158884048462
True,t2.json,2.0,False,True,False,q-prod,cost,74.59200000000001
True,t2.json,2.0,False,True,False,2d-conv,time,4.213189125061035
True,t2.json,2.0,False,True,False,2d-conv,cost,45.751999999999995
True,t2.json,2.0,False,False,True,q-prod,time,56.361618757247925
True,t2.json,2.0,False,False,True,q-prod,cost,66.58600000000001
True,t2.json,2.0,False,False,True,2d-conv,time,54.51610708236694
True,t2.json,2.0,False,False,True,2d-conv,cost,33.74000000000001
True,t2.json,2.0,False,False,False,q-prod,time,6.17884635925293
True,t2.json,2.0,False,False,False,q-prod,cost,74.58600000000001
True,t2.json,2.0,False,False,False,2d-conv,time,3.810012102127075
True,t2.json,2.0,False,False,False,2d-conv,cost,45.74
True,t2.json,5.0,True,True,True,q-prod,time,55.68504810333252
True,t2.json,5.0,True,True,True,q-prod,cost,65.58800000000001
True,t2.json,5.0,True,True,True,2d-conv,time,54.70345687866211
True,t2.json,5.0,True,True,True,2d-conv,cost,33.74000000000001
True,t2.json,5.0,True,True,False,q-prod,time,4.679299592971802
True,t2.json,5.0,True,True,False,q-prod,cost,74.59200000000001
True,t2.json,5.0,True,True,False,2d-conv,time,3.5413999557495117
True,t2.json,5.0,True,True,False,2d-conv,cost,45.748000000000005
True,t2.json,5.0,True,False,True,q-prod,time,55.27986526489258
True,t2.json,5.0,True,False,True,q-prod,cost,64.586
True,t2.json,5.0,True,False,True,2d-conv,time,54.85577321052551
True,t2.json,5.0,True,False,True,2d-conv,cost,33.74000000000001
True,t2.json,5.0,True,False,False,q-prod,time,4.383836269378662
True,t2.json,5.0,True,False,False,q-prod,cost,74.58600000000001
True,t2.json,5.0,True,False,False,2d-conv,time,3.386051893234253
True,t2.json,5.0,True,False,False,2d-conv,cost,45.74
True,t2.json,5.0,False,True,True,q-prod,time,57.23850464820862
True,t2.json,5.0,False,True,True,q-prod,cost,62.586
True,t2.json,5.0,False,True,True,2d-conv,time,54.88572669029236
True,t2.json,5.0,False,True,True,2d-conv,cost,33.74
True,t2.json,5.0,False,True,False,q-prod,time,6.894424200057983
True,t2.json,5.0,False,True,False,q-prod,cost,74.59200000000001
True,t2.json,5.0,False,True,False,2d-conv,time,4.113212585449219
True,t2.json,5.0,False,True,False,2d-conv,cost,45.751999999999995
True,t2.json,5.0,False,False,True,q-prod,time,56.16389584541321
True,t2.json,5.0,False,False,True,q-prod,cost,66.58600000000001
True,t2.json,5.0,False,False,True,2d-conv,time,54.549548864364624
True,t2.json,5.0,False,False,True,2d-conv,cost,33.74000000000001
True,t2.json,5.0,False,False,False,q-prod,time,5.999216556549072
True,t2.json,5.0,False,False,False,q-prod,cost,74.58600000000001
True,t2.json,5.0,False,False,False,2d-conv,time,3.7645626068115234
True,t2.json,5.0,False,False,False,2d-conv,cost,45.74
True,t2.json,,True,True,True,q-prod,time,Timed out.
True,t2.json,,True,True,True,q-prod,cost,-1.0
True,t2.json,,True,True,True,2d-conv,time,Timed out.
True,t2.json,,True,True,True,2d-conv,cost,-1.0
True,t2.json,,True,True,False,q-prod,time,Timed out.
True,t2.json,,True,True,False,q-prod,cost,-1.0
True,t2.json,,True,True,False,2d-conv,time,Timed out.
True,t2.json,,True,True,False,2d-conv,cost,-1.0
True,t2.json,,True,False,True,q-prod,time,Timed out.
True,t2.json,,True,False,True,q-prod,cost,-1.0
True,t2.json,,True,False,True,2d-conv,time,56.06227946281433
True,t2.json,,True,False,True,2d-conv,cost,441.3640000000001
True,t2.json,,True,False,False,q-prod,time,Timed out.
True,t2.json,,True,False,False,q-prod,cost,-1.0
True,t2.json,,True,False,False,2d-conv,time,56.031545877456665
True,t2.json,,True,False,False,2d-conv,cost,441.3640000000001
True,t2.json,,False,True,True,q-prod,time,Timed out.
True,t2.json,,False,True,True,q-prod,cost,-1.0
True,t2.json,,False,True,True,2d-conv,time,Timed out.
True,t2.json,,False,True,True,2d-conv,cost,-1.0
True,t2.json,,False,True,False,q-prod,time,Timed out.
True,t2.json,,False,True,False,q-prod,cost,-1.0
True,t2.json,,False,True,False,2d-conv,time,Timed out.
True,t2.json,,False,True,False,2d-conv,cost,-1.0
True,t2.json,,False,False,True,q-prod,time,Timed out.
True,t2.json,,False,False,True,q-prod,cost,-1.0
True,t2.json,,False,False,True,2d-conv,time,56.09099054336548
True,t2.json,,False,False,True,2d-conv,cost,441.3640000000001
True,t2.json,,False,False,False,q-prod,time,Timed out.
True,t2.json,,False,False,False,q-prod,cost,-1.0
True,t2.json,,False,False,False,2d-conv,time,56.04413318634033
True,t2.json,,False,False,False,2d-conv,cost,441.3640000000001
True,,0.0,True,True,True,q-prod,time,0.055361270904541016
True,,0.0,True,True,True,q-prod,cost,606.5590000000001
True,,0.0,True,True,True,2d-conv,time,0.012043237686157227
True,,0.0,True,True,True,2d-conv,cost,912.9159999999999
True,,0.0,True,True,False,q-prod,time,0.006646394729614258
True,,0.0,True,True,False,q-prod,cost,606.5590000000001
True,,0.0,True,True,False,2d-conv,time,0.0052759647369384766
True,,0.0,True,True,False,2d-conv,cost,912.9159999999999
True,,0.0,True,False,True,q-prod,time,0.05235481262207031
True,,0.0,True,False,True,q-prod,cost,606.5590000000001
True,,0.0,True,False,True,2d-conv,time,0.010160207748413086
True,,0.0,True,False,True,2d-conv,cost,912.9159999999999
True,,0.0,True,False,False,q-prod,time,0.003983020782470703
True,,0.0,True,False,False,q-prod,cost,606.5590000000001
True,,0.0,True,False,False,2d-conv,time,0.0033240318298339844
True,,0.0,True,False,False,2d-conv,cost,912.9159999999999
True,,0.0,False,True,True,q-prod,time,0.05475211143493652
True,,0.0,False,True,True,q-prod,cost,606.5590000000001
True,,0.0,False,True,True,2d-conv,time,0.012071371078491211
True,,0.0,False,True,True,2d-conv,cost,912.9159999999999
True,,0.0,False,True,False,q-prod,time,0.006593465805053711
True,,0.0,False,True,False,q-prod,cost,606.5590000000001
True,,0.0,False,True,False,2d-conv,time,0.005284547805786133
True,,0.0,False,True,False,2d-conv,cost,912.9159999999999
True,,0.0,False,False,True,q-prod,time,0.051910400390625
True,,0.0,False,False,True,q-prod,cost,606.5590000000001
True,,0.0,False,False,True,2d-conv,time,0.009846925735473633
True,,0.0,False,False,True,2d-conv,cost,912.9159999999999
True,,0.0,False,False,False,q-prod,time,0.003802776336669922
True,,0.0,False,False,False,q-prod,cost,606.5590000000001
True,,0.0,False,False,False,2d-conv,time,0.003222227096557617
True,,0.0,False,False,False,2d-conv,cost,912.9159999999999
True,,2.0,True,True,True,q-prod,time,0.06070423126220703
True,,2.0,True,True,True,q-prod,cost,606.5590000000001
True,,2.0,True,True,True,2d-conv,time,0.012156486511230469
True,,2.0,True,True,True,2d-conv,cost,912.9159999999999
True,,2.0,True,True,False,q-prod,time,0.006673574447631836
True,,2.0,True,True,False,q-prod,cost,606.5590000000001
True,,2.0,True,True,False,2d-conv,time,0.005322933197021484
True,,2.0,True,True,False,2d-conv,cost,912.9159999999999
True,,2.0,True,False,True,q-prod,time,0.058904170989990234
True,,2.0,True,False,True,q-prod,cost,606.5590000000001
True,,2.0,True,False,True,2d-conv,time,0.010164737701416016
True,,2.0,True,False,True,2d-conv,cost,912.9159999999999
True,,2.0,True,False,False,q-prod,time,0.003936290740966797
True,,2.0,True,False,False,q-prod,cost,606.5590000000001
True,,2.0,True,False,False,2d-conv,time,0.0032644271850585938
True,,2.0,True,False,False,2d-conv,cost,912.9159999999999
True,,2.0,False,True,True,q-prod,time,0.060414791107177734
True,,2.0,False,True,True,q-prod,cost,606.5590000000001
True,,2.0,False,True,True,2d-conv,time,0.01177978515625
True,,2.0,False,True,True,2d-conv,cost,912.9159999999999
True,,2.0,False,True,False,q-prod,time,0.006475687026977539
True,,2.0,False,True,False,q-prod,cost,606.5590000000001
True,,2.0,False,True,False,2d-conv,time,0.00520777702331543
True,,2.0,False,True,False,2d-conv,cost,912.9159999999999
True,,2.0,False,False,True,q-prod,time,0.057826995849609375
True,,2.0,False,False,True,q-prod,cost,606.5590000000001
True,,2.0,False,False,True,2d-conv,time,0.010087013244628906
True,,2.0,False,False,True,2d-conv,cost,912.9159999999999
True,,2.0,False,False,False,q-prod,time,0.003899097442626953
True,,2.0,False,False,False,q-prod,cost,606.5590000000001
True,,2.0,False,False,False,2d-conv,time,0.003244638442993164
True,,2.0,False,False,False,2d-conv,cost,912.9159999999999
True,,5.0,True,True,True,q-prod,time,0.07133722305297852
True,,5.0,True,True,True,q-prod,cost,606.5590000000001
True,,5.0,True,True,True,2d-conv,time,0.01285862922668457
True,,5.0,True,True,True,2d-conv,cost,912.9159999999999
True,,5.0,True,True,False,q-prod,time,0.0066068172454833984
True,,5.0,True,True,False,q-prod,cost,606.5590000000001
True,,5.0,True,True,False,2d-conv,time,0.005274534225463867
True,,5.0,True,True,False,2d-conv,cost,912.9159999999999
True,,5.0,True,False,True,q-prod,time,0.06993603706359863
True,,5.0,True,False,True,q-prod,cost,606.5590000000001
True,,5.0,True,False,True,2d-conv,time,0.011187314987182617
True,,5.0,True,False,True,2d-conv,cost,912.9159999999999
True,,5.0,True,False,False,q-prod,time,0.003902912139892578
True,,5.0,True,False,False,q-prod,cost,606.5590000000001
True,,5.0,True,False,False,2d-conv,time,0.0032308101654052734
True,,5.0,True,False,False,2d-conv,cost,912.9159999999999
True,,5.0,False,True,True,q-prod,time,0.07200813293457031
True,,5.0,False,True,True,q-prod,cost,606.5590000000001
True,,5.0,False,True,True,2d-conv,time,0.013099908828735352
True,,5.0,False,True,True,2d-conv,cost,912.9159999999999
True,,5.0,False,True,False,q-prod,time,0.006577014923095703
True,,5.0,False,True,False,q-prod,cost,606.5590000000001
True,,5.0,False,True,False,2d-conv,time,0.0052340030670166016
True,,5.0,False,True,False,2d-conv,cost,912.9159999999999
True,,5.0,False,False,True,q-prod,time,0.07008671760559082
True,,5.0,False,False,True,q-prod,cost,606.5590000000001
True,,5.0,False,False,True,2d-conv,time,0.011150360107421875
True,,5.0,False,False,True,2d-conv,cost,912.9159999999999
True,,5.0,False,False,False,q-prod,time,0.0039789676666259766
True,,5.0,False,False,False,q-prod,cost,606.5590000000001
True,,5.0,False,False,False,2d-conv,time,0.003241300582885742
True,,5.0,False,False,False,2d-conv,cost,912.9159999999999
True,,,True,True,True,q-prod,time,54.33201336860657
True,,,True,True,True,q-prod,cost,58.58600000000001
True,,,True,True,True,2d-conv,time,1.143364429473877
True,,,True,True,True,2d-conv,cost,29.739999999999995
True,,,True,True,False,q-prod,time,53.855738162994385
True,,,True,True,False,q-prod,cost,58.58600000000001
True,,,True,True,False,2d-conv,time,1.148679494857788
True,,,True,True,False,2d-conv,cost,29.739999999999995
True,,,True,False,True,q-prod,time,54.35777473449707
True,,,True,False,True,q-prod,cost,54.526999999999994
True,,,True,False,True,2d-conv,time,2.0055501461029053
True,,,True,False,True,2d-conv,cost,26.175999999999988
True,,,True,False,False,q-prod,time,54.42055296897888
True,,,True,False,False,q-prod,cost,54.526999999999994
True,,,True,False,False,2d-conv,time,2.001227617263794
True,,,True,False,False,2d-conv,cost,26.175999999999988
True,,,False,True,True,q-prod,time,54.30838632583618
True,,,False,True,True,q-prod,cost,58.58600000000001
True,,,False,True,True,2d-conv,time,1.1522629261016846
True,,,False,True,True,2d-conv,cost,29.739999999999995
True,,,False,True,False,q-prod,time,54.126524448394775
True,,,False,True,False,q-prod,cost,58.58600000000001
True,,,False,True,False,2d-conv,time,1.1525299549102783
True,,,False,True,False,2d-conv,cost,29.739999999999995
True,,,False,False,True,q-prod,time,54.45951557159424
True,,,False,False,True,q-prod,cost,54.526999999999994
True,,,False,False,True,2d-conv,time,1.9895203113555908
True,,,False,False,True,2d-conv,cost,26.175999999999988
True,,,False,False,False,q-prod,time,54.305757999420166
True,,,False,False,False,q-prod,cost,54.526999999999994
True,,,False,False,False,2d-conv,time,1.9747657775878906
True,,,False,False,False,2d-conv,cost,26.175999999999988
False,t2.json,0.0,True,True,True,q-prod,time,Timed out.
False,t2.json,0.0,True,True,True,q-prod,cost,-1.0
False,t2.json,0.0,True,True,True,2d-conv,time,Timed out.
False,t2.json,0.0,True,True,True,2d-conv,cost,-1.0
False,t2.json,0.0,True,True,False,q-prod,time,Timed out.
False,t2.json,0.0,True,True,False,q-prod,cost,-1.0
False,t2.json,0.0,True,True,False,2d-conv,time,59.73351001739502
False,t2.json,0.0,True,True,False,2d-conv,cost,29.739999999999995
False,t2.json,0.0,True,False,True,q-prod,time,Timed out.
False,t2.json,0.0,True,False,True,q-prod,cost,-1.0
False,t2.json,0.0,True,False,True,2d-conv,time,Timed out.
False,t2.json,0.0,True,False,True,2d-conv,cost,-1.0
False,t2.json,0.0,True,False,False,q-prod,time,55.06463170051575
False,t2.json,0.0,True,False,False,q-prod,cost,70.19800000000001
False,t2.json,0.0,True,False,False,2d-conv,time,49.28172492980957
False,t2.json,0.0,True,False,False,2d-conv,cost,29.739999999999995
False,t2.json,0.0,False,True,True,q-prod,time,Timed out.
False,t2.json,0.0,False,True,True,q-prod,cost,-1.0
False,t2.json,0.0,False,True,True,2d-conv,time,Timed out.
False,t2.json,0.0,False,True,True,2d-conv,cost,-1.0
False,t2.json,0.0,False,True,False,q-prod,time,Timed out.
False,t2.json,0.0,False,True,False,q-prod,cost,-1.0
False,t2.json,0.0,False,True,False,2d-conv,time,Timed out.
False,t2.json,0.0,False,True,False,2d-conv,cost,-1.0
False,t2.json,0.0,False,False,True,q-prod,time,Timed out.
False,t2.json,0.0,False,False,True,q-prod,cost,-1.0
False,t2.json,0.0,False,False,True,2d-conv,time,Timed out.
False,t2.json,0.0,False,False,True,2d-conv,cost,-1.0
False,t2.json,0.0,False,False,False,q-prod,time,53.272716760635376
False,t2.json,0.0,False,False,False,q-prod,cost,350.969
False,t2.json,0.0,False,False,False,2d-conv,time,53.345147132873535
False,t2.json,0.0,False,False,False,2d-conv,cost,29.739999999999995
False,t2.json,2.0,True,True,True,q-prod,time,58.07450270652771
False,t2.json,2.0,True,True,True,q-prod,cost,66.59400000000001
False,t2.json,2.0,True,True,True,2d-conv,time,57.03186297416687
False,t2.json,2.0,True,True,True,2d-conv,cost,33.74000000000001
False,t2.json,2.0,True,True,False,q-prod,time,4.748678922653198
False,t2.json,2.0,True,True,False,q-prod,cost,74.59800000000001
False,t2.json,2.0,True,True,False,2d-conv,time,3.545912265777588
False,t2.json,2.0,True,True,False,2d-conv,cost,45.748000000000005
False,t2.json,2.0,True,False,True,q-prod,time,55.44859457015991
False,t2.json,2.0,True,False,True,q-prod,cost,65.586
False,t2.json,2.0,True,False,True,2d-conv,time,54.55824160575867
False,t2.json,2.0,True,False,True,2d-conv,cost,33.74000000000001
False,t2.json,2.0,True,False,False,q-prod,time,4.382270812988281
False,t2.json,2.0,True,False,False,q-prod,cost,74.58600000000001
False,t2.json,2.0,True,False,False,2d-conv,time,3.419951915740967
False,t2.json,2.0,True,False,False,2d-conv,cost,45.74
False,t2.json,2.0,False,True,True,q-prod,time,57.48973894119263
False,t2.json,2.0,False,True,True,q-prod,cost,68.58800000000001
False,t2.json,2.0,False,True,True,2d-conv,time,54.96754264831543
False,t2.json,2.0,False,True,True,2d-conv,cost,33.74
False,t2.json,2.0,False,True,False,q-prod,time,7.423346996307373
False,t2.json,2.0,False,True,False,q-prod,cost,74.596
False,t2.json,2.0,False,True,False,2d-conv,time,4.205772161483765
False,t2.json,2.0,False,True,False,2d-conv,cost,45.751999999999995
False,t2.json,2.0,False,False,True,q-prod,time,56.214033126831055
False,t2.json,2.0,False,False,True,q-prod,cost,61.484
False,t2.json,2.0,False,False,True,2d-conv,time,54.57933187484741
False,t2.json,2.0,False,False,True,2d-conv,cost,33.74000000000001
False,t2.json,2.0,False,False,False,q-prod,time,6.197690963745117
False,t2.json,2.0,False,False,False,q-prod,cost,74.58600000000001
False,t2.json,2.0,False,False,False,2d-conv,time,3.821216583251953
False,t2.json,2.0,False,False,False,2d-conv,cost,45.74
False,t2.json,5.0,True,True,True,q-prod,time,56.43312883377075
False,t2.json,5.0,True,True,True,q-prod,cost,66.59400000000001
False,t2.json,5.0,True,True,True,2d-conv,time,54.75549602508545
False,t2.json,5.0,True,True,True,2d-conv,cost,33.74000000000001
False,t2.json,5.0,True,True,False,q-prod,time,4.626614093780518
False,t2.json,5.0,True,True,False,q-prod,cost,74.59800000000001
False,t2.json,5.0,True,True,False,2d-conv,time,3.509434938430786
False,t2.json,5.0,True,True,False,2d-conv,cost,45.748000000000005
False,t2.json,5.0,True,False,True,q-prod,time,55.81996011734009
False,t2.json,5.0,True,False,True,q-prod,cost,65.586
False,t2.json,5.0,True,False,True,2d-conv,time,55.13717293739319
False,t2.json,5.0,True,False,True,2d-conv,cost,33.74000000000001
False,t2.json,5.0,True,False,False,q-prod,time,4.348303318023682
False,t2.json,5.0,True,False,False,q-prod,cost,74.58600000000001
False,t2.json,5.0,True,False,False,2d-conv,time,3.3958888053894043
False,t2.json,5.0,True,False,False,2d-conv,cost,45.74
False,t2.json,5.0,False,True,True,q-prod,time,57.288888454437256
False,t2.json,5.0,False,True,True,q-prod,cost,68.58800000000001
False,t2.json,5.0,False,True,True,2d-conv,time,54.90232872962952
False,t2.json,5.0,False,True,True,2d-conv,cost,33.74
False,t2.json,5.0,False,True,False,q-prod,time,6.897390127182007
False,t2.json,5.0,False,True,False,q-prod,cost,74.596
False,t2.json,5.0,False,True,False,2d-conv,time,4.1554114818573
False,t2.json,5.0,False,True,False,2d-conv,cost,45.751999999999995
False,t2.json,5.0,False,False,True,q-prod,time,56.0254762172699
False,t2.json,5.0,False,False,True,q-prod,cost,61.484
False,t2.json,5.0,False,False,True,2d-conv,time,54.543768882751465
False,t2.json,5.0,False,False,True,2d-conv,cost,33.74000000000001
False,t2.json,5.0,False,False,False,q-prod,time,6.03916335105896
False,t2.json,5.0,False,False,False,q-prod,cost,74.58600000000001
False,t2.json,5.0,False,False,False,2d-conv,time,3.758354663848877
False,t2.json,5.0,False,False,False,2d-conv,cost,45.74
False,t2.json,,True,True,True,q-prod,time,Timed out.
False,t2.json,,True,True,True,q-prod,cost,-1.0
False,t2.json,,True,True,True,2d-conv,time,Timed out.
False,t2.json,,True,True,True,2d-conv,cost,-1.0
False,t2.json,,True,True,False,q-prod,time,Timed out.
False,t2.json,,True,True,False,q-prod,cost,-1.0
False,t2.json,,True,True,False,2d-conv,time,Timed out.
False,t2.json,,True,True,False,2d-conv,cost,-1.0
False,t2.json,,True,False,True,q-prod,time,52.7303352355957
False,t2.json,,True,False,True,q-prod,cost,597.0640000000001
False,t2.json,,True,False,True,2d-conv,time,52.737236976623535
False,t2.json,,True,False,True,2d-conv,cost,462.64699999999993
False,t2.json,,True,False,False,q-prod,time,52.764734506607056
False,t2.json,,True,False,False,q-prod,cost,597.0640000000001
False,t2.json,,True,False,False,2d-conv,time,52.71812701225281
False,t2.json,,True,False,False,2d-conv,cost,462.64699999999993
False,t2.json,,False,True,True,q-prod,time,Timed out.
False,t2.json,,False,True,True,q-prod,cost,-1.0
False,t2.json,,False,True,True,2d-conv,time,Timed out.
False,t2.json,,False,True,True,2d-conv,cost,-1.0
False,t2.json,,False,True,False,q-prod,time,Timed out.
False,t2.json,,False,True,False,q-prod,cost,-1.0
False,t2.json,,False,True,False,2d-conv,time,Timed out.
False,t2.json,,False,True,False,2d-conv,cost,-1.0
False,t2.json,,False,False,True,q-prod,time,52.758134841918945
False,t2.json,,False,False,True,q-prod,cost,597.0640000000001
False,t2.json,,False,False,True,2d-conv,time,52.72000503540039
False,t2.json,,False,False,True,2d-conv,cost,462.64699999999993
False,t2.json,,False,False,False,q-prod,time,52.74346375465393
False,t2.json,,False,False,False,q-prod,cost,597.0640000000001
False,t2.json,,False,False,False,2d-conv,time,52.75244975090027
False,t2.json,,False,False,False,2d-conv,cost,462.64699999999993
False,,0.0,True,True,True,q-prod,time,0.006074666976928711
False,,0.0,True,True,True,q-prod,cost,606.5590000000001
False,,0.0,True,True,True,2d-conv,time,0.004790306091308594
False,,0.0,True,True,True,2d-conv,cost,912.9159999999999
False,,0.0,True,True,False,q-prod,time,0.005544900894165039
False,,0.0,True,True,False,q-prod,cost,606.5590000000001
False,,0.0,True,True,False,2d-conv,time,0.00454401969909668
False,,0.0,True,True,False,2d-conv,cost,912.9159999999999
False,,0.0,True,False,True,q-prod,time,0.0031280517578125
False,,0.0,True,False,True,q-prod,cost,606.5590000000001
False,,0.0,True,False,True,2d-conv,time,0.0027234554290771484
False,,0.0,True,False,True,2d-conv,cost,912.9159999999999
False,,0.0,True,False,False,q-prod,time,0.0028760433197021484
False,,0.0,True,False,False,q-prod,cost,606.5590000000001
False,,0.0,True,False,False,2d-conv,time,0.0024480819702148438
False,,0.0,True,False,False,2d-conv,cost,912.9159999999999
False,,0.0,False,True,True,q-prod,time,0.005702018737792969
False,,0.0,False,True,True,q-prod,cost,606.5590000000001
False,,0.0,False,True,True,2d-conv,time,0.004667043685913086
False,,0.0,False,True,True,2d-conv,cost,912.9159999999999
False,,0.0,False,True,False,q-prod,time,0.005541801452636719
False,,0.0,False,True,False,q-prod,cost,606.5590000000001
False,,0.0,False,True,False,2d-conv,time,0.004435062408447266
False,,0.0,False,True,False,2d-conv,cost,912.9159999999999
False,,0.0,False,False,True,q-prod,time,0.0030548572540283203
False,,0.0,False,False,True,q-prod,cost,606.5590000000001
False,,0.0,False,False,True,2d-conv,time,0.002642393112182617
False,,0.0,False,False,True,2d-conv,cost,912.9159999999999
False,,0.0,False,False,False,q-prod,time,0.002853870391845703
False,,0.0,False,False,False,q-prod,cost,606.5590000000001
False,,0.0,False,False,False,2d-conv,time,0.0024535655975341797
False,,0.0,False,False,False,2d-conv,cost,912.9159999999999
False,,2.0,True,True,True,q-prod,time,0.0057413578033447266
False,,2.0,True,True,True,q-prod,cost,606.5590000000001
False,,2.0,True,True,True,2d-conv,time,0.0046460628509521484
False,,2.0,True,True,True,2d-conv,cost,912.9159999999999
False,,2.0,True,True,False,q-prod,time,0.005459308624267578
False,,2.0,True,True,False,q-prod,cost,606.5590000000001
False,,2.0,True,True,False,2d-conv,time,0.004437923431396484
False,,2.0,True,True,False,2d-conv,cost,912.9159999999999
False,,2.0,True,False,True,q-prod,time,0.003055572509765625
False,,2.0,True,False,True,q-prod,cost,606.5590000000001
False,,2.0,True,False,True,2d-conv,time,0.0027184486389160156
False,,2.0,True,False,True,2d-conv,cost,912.9159999999999
False,,2.0,True,False,False,q-prod,time,0.002851247787475586
False,,2.0,True,False,False,q-prod,cost,606.5590000000001
False,,2.0,True,False,False,2d-conv,time,0.002537250518798828
False,,2.0,True,False,False,2d-conv,cost,912.9159999999999
False,,2.0,False,True,True,q-prod,time,0.005727291107177734
False,,2.0,False,True,True,q-prod,cost,606.5590000000001
False,,2.0,False,True,True,2d-conv,time,0.0046503543853759766
False,,2.0,False,True,True,2d-conv,cost,912.9159999999999
False,,2.0,False,True,False,q-prod,time,0.005551576614379883
False,,2.0,False,True,False,q-prod,cost,606.5590000000001
False,,2.0,False,True,False,2d-conv,time,0.004487514495849609
False,,2.0,False,True,False,2d-conv,cost,912.9159999999999
False,,2.0,False,False,True,q-prod,time,0.0032896995544433594
False,,2.0,False,False,True,q-prod,cost,606.5590000000001
False,,2.0,False,False,True,2d-conv,time,0.002758502960205078
False,,2.0,False,False,True,2d-conv,cost,912.9159999999999
False,,2.0,False,False,False,q-prod,time,0.0028944015502929688
False,,2.0,False,False,False,q-prod,cost,606.5590000000001
False,,2.0,False,False,False,2d-conv,time,0.0024695396423339844
False,,2.0,False,False,False,2d-conv,cost,912.9159999999999
False,,5.0,True,True,True,q-prod,time,0.005782365798950195
False,,5.0,True,True,True,q-prod,cost,606.5590000000001
False,,5.0,True,True,True,2d-conv,time,0.004662275314331055
False,,5.0,True,True,True,2d-conv,cost,912.9159999999999
False,,5.0,True,True,False,q-prod,time,0.005544424057006836
False,,5.0,True,True,False,q-prod,cost,606.5590000000001
False,,5.0,True,True,False,2d-conv,time,0.00444483757019043
False,,5.0,True,True,False,2d-conv,cost,912.9159999999999
False,,5.0,True,False,True,q-prod,time,0.003087282180786133
False,,5.0,True,False,True,q-prod,cost,606.5590000000001
False,,5.0,True,False,True,2d-conv,time,0.002677440643310547
False,,5.0,True,False,True,2d-conv,cost,912.9159999999999
False,,5.0,True,False,False,q-prod,time,0.0028734207153320312
False,,5.0,True,False,False,q-prod,cost,606.5590000000001
False,,5.0,True,False,False,2d-conv,time,0.0024628639221191406
False,,5.0,True,False,False,2d-conv,cost,912.9159999999999
False,,5.0,False,True,True,q-prod,time,0.00573277473449707
False,,5.0,False,True,True,q-prod,cost,606.5590000000001
False,,5.0,False,True,True,2d-conv,time,0.004731416702270508
False,,5.0,False,True,True,2d-conv,cost,912.9159999999999
False,,5.0,False,True,False,q-prod,time,0.0055294036865234375
False,,5.0,False,True,False,q-prod,cost,606.5590000000001
False,,5.0,False,True,False,2d-conv,time,0.004434823989868164
False,,5.0,False,True,False,2d-conv,cost,912.9159999999999
False,,5.0,False,False,True,q-prod,time,0.0030815601348876953
False,,5.0,False,False,True,q-prod,cost,606.5590000000001
False,,5.0,False,False,True,2d-conv,time,0.0026977062225341797
False,,5.0,False,False,True,2d-conv,cost,912.9159999999999
False,,5.0,False,False,False,q-prod,time,0.0028696060180664062
False,,5.0,False,False,False,q-prod,cost,606.5590000000001
False,,5.0,False,False,False,2d-conv,time,0.0024535655975341797
False,,5.0,False,False,False,2d-conv,cost,912.9159999999999
False,,,True,True,True,q-prod,time,0.005753278732299805
False,,,True,True,True,q-prod,cost,606.5590000000001
False,,,True,True,True,2d-conv,time,0.004706859588623047
False,,,True,True,True,2d-conv,cost,912.9159999999999
False,,,True,True,False,q-prod,time,0.0055272579193115234
False,,,True,True,False,q-prod,cost,606.5590000000001
False,,,True,True,False,2d-conv,time,0.004468202590942383
False,,,True,True,False,2d-conv,cost,912.9159999999999
False,,,True,False,True,q-prod,time,0.0030815601348876953
False,,,True,False,True,q-prod,cost,606.5590000000001
False,,,True,False,True,2d-conv,time,0.0026886463165283203
False,,,True,False,True,2d-conv,cost,912.9159999999999
False,,,True,False,False,q-prod,time,0.002899169921875
False,,,True,False,False,q-prod,cost,606.5590000000001
False,,,True,False,False,2d-conv,time,0.0024268627166748047
False,,,True,False,False,2d-conv,cost,912.9159999999999
False,,,False,True,True,q-prod,time,0.005733013153076172
False,,,False,True,True,q-prod,cost,606.5590000000001
False,,,False,True,True,2d-conv,time,0.004637479782104492
False,,,False,True,True,2d-conv,cost,912.9159999999999
False,,,False,True,False,q-prod,time,0.005524158477783203
False,,,False,True,False,q-prod,cost,606.5590000000001
False,,,False,True,False,2d-conv,time,0.004476070404052734
False,,,False,True,False,2d-conv,cost,912.9159999999999
False,,,False,False,True,q-prod,time,0.0031037330627441406
False,,,False,False,True,q-prod,cost,606.5590000000001
False,,,False,False,True,2d-conv,time,0.0026760101318359375
False,,,False,False,True,2d-conv,cost,912.9159999999999
False,,,False,False,False,q-prod,time,0.002832651138305664
False,,,False,False,False,q-prod,cost,606.5590000000001
False,,,False,False,False,2d-conv,time,0.0024890899658203125
False,,,False,False,False,2d-conv,cost,912.9159999999999
